grupo,link
#01 Grupo V.I.P P. Pallazo,https://chat.whatsapp.com/K1CGgxShp3q8vAAd7eHRSv
#02 Grupo V.I.P P. Pallazo,https://chat.whatsapp.com/IsOJv2LuRz5Agtj1RPYPdh
#03 Grupo V.I.P P. Pallazo,https://chat.whatsapp.com/LUPoENajOxJ2mzKEZPEuoe
#04 Grupo V.I.P P. Pallazo,https://chat.whatsapp.com/HppaIC9yni15hA8wcgcO8L
#05 Grupo V.I.P P. Pallazo,https://chat.whatsapp.com/BgQgSRkWQZvLRtEY1NdTPe
#06 Grupo V.I.P P. Pallazo,https://chat.whatsapp.com/G2OguzUrFvQLRRHS4EPSv2
#07 Grupo V.I.P P. Pallazo,https://chat.whatsapp.com/IOwOLLJJ8bQ5LqWPC8a1fE
#08 Grupo V.I.P P. Pallazo,https://chat.whatsapp.com/KcSMKeyxE2v6tIHdhmbKxf
#09 Grupo V.I.P P. Pallazo,https://chat.whatsapp.com/Hsa6zidUZ5U0b3CHZlRN1E
#10 Grupo V.I.P P. Pallazo,https://chat.whatsapp.com/Idq96MSkYiP5AqdXEiqHza